[
{
  "model": "admin.logentry",
  "pk": 1,
  "fields": {
    "action_time": "2025-12-13T20:18:12.156Z",
    "user": 2,
    "content_type": 7,
    "object_id": "1",
    "object_repr": "Cheeseburger",
    "action_flag": 1,
    "change_message": "[{\"added\": {}}]"
  }
},
{
  "model": "admin.logentry",
  "pk": 2,
  "fields": {
    "action_time": "2025-12-13T20:19:38.280Z",
    "user": 2,
    "content_type": 7,
    "object_id": "2",
    "object_repr": "Chicken Meal",
    "action_flag": 1,
    "change_message": "[{\"added\": {}}]"
  }
},
{
  "model": "admin.logentry",
  "pk": 3,
  "fields": {
    "action_time": "2025-12-13T20:20:29.227Z",
    "user": 2,
    "content_type": 7,
    "object_id": "3",
    "object_repr": "Cola",
    "action_flag": 1,
    "change_message": "[{\"added\": {}}]"
  }
},
{
  "model": "admin.logentry",
  "pk": 4,
  "fields": {
    "action_time": "2025-12-14T07:52:14.636Z",
    "user": 2,
    "content_type": 8,
    "object_id": "10",
    "object_repr": "test - Successful - 10",
    "action_flag": 2,
    "change_message": "[{\"changed\": {\"fields\": [\"Status\"]}}, {\"changed\": {\"name\": \"order item\", \"object\": \"Cola x1\", \"fields\": [\"Order type\"]}}]"
  }
},
{
  "model": "admin.logentry",
  "pk": 5,
  "fields": {
    "action_time": "2025-12-14T07:52:30.205Z",
    "user": 2,
    "content_type": 8,
    "object_id": "12",
    "object_repr": "admin - Cart - 12",
    "action_flag": 2,
    "change_message": "[{\"changed\": {\"name\": \"order item\", \"object\": \"Cola x1\", \"fields\": [\"Order type\"]}}]"
  }
},
{
  "model": "admin.logentry",
  "pk": 6,
  "fields": {
    "action_time": "2025-12-14T07:53:42.763Z",
    "user": 2,
    "content_type": 8,
    "object_id": "11",
    "object_repr": "admin - Successful - 11",
    "action_flag": 2,
    "change_message": "[{\"changed\": {\"fields\": [\"Status\"]}}]"
  }
},
{
  "model": "admin.logentry",
  "pk": 7,
  "fields": {
    "action_time": "2025-12-14T07:54:24.165Z",
    "user": 2,
    "content_type": 8,
    "object_id": "12",
    "object_repr": "admin - Failed - 12",
    "action_flag": 2,
    "change_message": "[{\"changed\": {\"fields\": [\"Status\"]}}]"
  }
},
{
  "model": "admin.logentry",
  "pk": 8,
  "fields": {
    "action_time": "2025-12-14T08:28:49.622Z",
    "user": 2,
    "content_type": 10,
    "object_id": "1",
    "object_repr": "test - 2025-12-14 14:00:00",
    "action_flag": 2,
    "change_message": "[{\"changed\": {\"fields\": [\"Status\"]}}]"
  }
},
{
  "model": "auth.permission",
  "pk": 1,
  "fields": {
    "name": "Can add log entry",
    "content_type": 1,
    "codename": "add_logentry"
  }
},
{
  "model": "auth.permission",
  "pk": 2,
  "fields": {
    "name": "Can change log entry",
    "content_type": 1,
    "codename": "change_logentry"
  }
},
{
  "model": "auth.permission",
  "pk": 3,
  "fields": {
    "name": "Can delete log entry",
    "content_type": 1,
    "codename": "delete_logentry"
  }
},
{
  "model": "auth.permission",
  "pk": 4,
  "fields": {
    "name": "Can view log entry",
    "content_type": 1,
    "codename": "view_logentry"
  }
},
{
  "model": "auth.permission",
  "pk": 5,
  "fields": {
    "name": "Can add permission",
    "content_type": 2,
    "codename": "add_permission"
  }
},
{
  "model": "auth.permission",
  "pk": 6,
  "fields": {
    "name": "Can change permission",
    "content_type": 2,
    "codename": "change_permission"
  }
},
{
  "model": "auth.permission",
  "pk": 7,
  "fields": {
    "name": "Can delete permission",
    "content_type": 2,
    "codename": "delete_permission"
  }
},
{
  "model": "auth.permission",
  "pk": 8,
  "fields": {
    "name": "Can view permission",
    "content_type": 2,
    "codename": "view_permission"
  }
},
{
  "model": "auth.permission",
  "pk": 9,
  "fields": {
    "name": "Can add group",
    "content_type": 3,
    "codename": "add_group"
  }
},
{
  "model": "auth.permission",
  "pk": 10,
  "fields": {
    "name": "Can change group",
    "content_type": 3,
    "codename": "change_group"
  }
},
{
  "model": "auth.permission",
  "pk": 11,
  "fields": {
    "name": "Can delete group",
    "content_type": 3,
    "codename": "delete_group"
  }
},
{
  "model": "auth.permission",
  "pk": 12,
  "fields": {
    "name": "Can view group",
    "content_type": 3,
    "codename": "view_group"
  }
},
{
  "model": "auth.permission",
  "pk": 13,
  "fields": {
    "name": "Can add user",
    "content_type": 4,
    "codename": "add_user"
  }
},
{
  "model": "auth.permission",
  "pk": 14,
  "fields": {
    "name": "Can change user",
    "content_type": 4,
    "codename": "change_user"
  }
},
{
  "model": "auth.permission",
  "pk": 15,
  "fields": {
    "name": "Can delete user",
    "content_type": 4,
    "codename": "delete_user"
  }
},
{
  "model": "auth.permission",
  "pk": 16,
  "fields": {
    "name": "Can view user",
    "content_type": 4,
    "codename": "view_user"
  }
},
{
  "model": "auth.permission",
  "pk": 17,
  "fields": {
    "name": "Can add content type",
    "content_type": 5,
    "codename": "add_contenttype"
  }
},
{
  "model": "auth.permission",
  "pk": 18,
  "fields": {
    "name": "Can change content type",
    "content_type": 5,
    "codename": "change_contenttype"
  }
},
{
  "model": "auth.permission",
  "pk": 19,
  "fields": {
    "name": "Can delete content type",
    "content_type": 5,
    "codename": "delete_contenttype"
  }
},
{
  "model": "auth.permission",
  "pk": 20,
  "fields": {
    "name": "Can view content type",
    "content_type": 5,
    "codename": "view_contenttype"
  }
},
{
  "model": "auth.permission",
  "pk": 21,
  "fields": {
    "name": "Can add session",
    "content_type": 6,
    "codename": "add_session"
  }
},
{
  "model": "auth.permission",
  "pk": 22,
  "fields": {
    "name": "Can change session",
    "content_type": 6,
    "codename": "change_session"
  }
},
{
  "model": "auth.permission",
  "pk": 23,
  "fields": {
    "name": "Can delete session",
    "content_type": 6,
    "codename": "delete_session"
  }
},
{
  "model": "auth.permission",
  "pk": 24,
  "fields": {
    "name": "Can view session",
    "content_type": 6,
    "codename": "view_session"
  }
},
{
  "model": "auth.permission",
  "pk": 25,
  "fields": {
    "name": "Can add menu item",
    "content_type": 7,
    "codename": "add_menuitem"
  }
},
{
  "model": "auth.permission",
  "pk": 26,
  "fields": {
    "name": "Can change menu item",
    "content_type": 7,
    "codename": "change_menuitem"
  }
},
{
  "model": "auth.permission",
  "pk": 27,
  "fields": {
    "name": "Can delete menu item",
    "content_type": 7,
    "codename": "delete_menuitem"
  }
},
{
  "model": "auth.permission",
  "pk": 28,
  "fields": {
    "name": "Can view menu item",
    "content_type": 7,
    "codename": "view_menuitem"
  }
},
{
  "model": "auth.permission",
  "pk": 29,
  "fields": {
    "name": "Can add order",
    "content_type": 8,
    "codename": "add_order"
  }
},
{
  "model": "auth.permission",
  "pk": 30,
  "fields": {
    "name": "Can change order",
    "content_type": 8,
    "codename": "change_order"
  }
},
{
  "model": "auth.permission",
  "pk": 31,
  "fields": {
    "name": "Can delete order",
    "content_type": 8,
    "codename": "delete_order"
  }
},
{
  "model": "auth.permission",
  "pk": 32,
  "fields": {
    "name": "Can view order",
    "content_type": 8,
    "codename": "view_order"
  }
},
{
  "model": "auth.permission",
  "pk": 33,
  "fields": {
    "name": "Can add order item",
    "content_type": 9,
    "codename": "add_orderitem"
  }
},
{
  "model": "auth.permission",
  "pk": 34,
  "fields": {
    "name": "Can change order item",
    "content_type": 9,
    "codename": "change_orderitem"
  }
},
{
  "model": "auth.permission",
  "pk": 35,
  "fields": {
    "name": "Can delete order item",
    "content_type": 9,
    "codename": "delete_orderitem"
  }
},
{
  "model": "auth.permission",
  "pk": 36,
  "fields": {
    "name": "Can view order item",
    "content_type": 9,
    "codename": "view_orderitem"
  }
},
{
  "model": "auth.permission",
  "pk": 37,
  "fields": {
    "name": "Can add reservation",
    "content_type": 10,
    "codename": "add_reservation"
  }
},
{
  "model": "auth.permission",
  "pk": 38,
  "fields": {
    "name": "Can change reservation",
    "content_type": 10,
    "codename": "change_reservation"
  }
},
{
  "model": "auth.permission",
  "pk": 39,
  "fields": {
    "name": "Can delete reservation",
    "content_type": 10,
    "codename": "delete_reservation"
  }
},
{
  "model": "auth.permission",
  "pk": 40,
  "fields": {
    "name": "Can view reservation",
    "content_type": 10,
    "codename": "view_reservation"
  }
},
{
  "model": "auth.permission",
  "pk": 41,
  "fields": {
    "name": "Can add review",
    "content_type": 11,
    "codename": "add_review"
  }
},
{
  "model": "auth.permission",
  "pk": 42,
  "fields": {
    "name": "Can change review",
    "content_type": 11,
    "codename": "change_review"
  }
},
{
  "model": "auth.permission",
  "pk": 43,
  "fields": {
    "name": "Can delete review",
    "content_type": 11,
    "codename": "delete_review"
  }
},
{
  "model": "auth.permission",
  "pk": 44,
  "fields": {
    "name": "Can view review",
    "content_type": 11,
    "codename": "view_review"
  }
},
{
  "model": "auth.user",
  "pk": 1,
  "fields": {
    "password": "pbkdf2_sha256$216000$8BTMYglnlHRw$q2rK1g/F0grOaZjsy28hiQ7YYgQNlXOrxnQeppsalHc=",
    "last_login": "2025-12-14T16:55:42.411Z",
    "is_superuser": false,
    "username": "test",
    "first_name": "",
    "last_name": "",
    "email": "user@test.com",
    "is_staff": false,
    "is_active": true,
    "date_joined": "2025-12-13T16:37:28.048Z",
    "groups": [],
    "user_permissions": []
  }
},
{
  "model": "auth.user",
  "pk": 2,
  "fields": {
    "password": "pbkdf2_sha256$216000$eXwSaGG7K38S$T6M3vjJtgN4pGGwk9HjXdq20RGkS6yWVVVfeFDNe0gQ=",
    "last_login": "2025-12-14T08:27:53.325Z",
    "is_superuser": true,
    "username": "admin",
    "first_name": "",
    "last_name": "",
    "email": "admin@admin.com",
    "is_staff": true,
    "is_active": true,
    "date_joined": "2025-12-13T20:11:00.663Z",
    "groups": [],
    "user_permissions": []
  }
},
{
  "model": "auth.user",
  "pk": 3,
  "fields": {
    "password": "pbkdf2_sha256$216000$WKc8jiAU0ZPp$gp45/ou+WG3VcdUKe4FTcKArBKoFoSQdmcYFOzHL7KA=",
    "last_login": "2025-12-14T16:54:34.892Z",
    "is_superuser": false,
    "username": "mohamed",
    "first_name": "",
    "last_name": "",
    "email": "user2@test.com",
    "is_staff": false,
    "is_active": true,
    "date_joined": "2025-12-14T15:42:19.873Z",
    "groups": [],
    "user_permissions": []
  }
},
{
  "model": "contenttypes.contenttype",
  "pk": 1,
  "fields": {
    "app_label": "admin",
    "model": "logentry"
  }
},
{
  "model": "contenttypes.contenttype",
  "pk": 2,
  "fields": {
    "app_label": "auth",
    "model": "permission"
  }
},
{
  "model": "contenttypes.contenttype",
  "pk": 3,
  "fields": {
    "app_label": "auth",
    "model": "group"
  }
},
{
  "model": "contenttypes.contenttype",
  "pk": 4,
  "fields": {
    "app_label": "auth",
    "model": "user"
  }
},
{
  "model": "contenttypes.contenttype",
  "pk": 5,
  "fields": {
    "app_label": "contenttypes",
    "model": "contenttype"
  }
},
{
  "model": "contenttypes.contenttype",
  "pk": 6,
  "fields": {
    "app_label": "sessions",
    "model": "session"
  }
},
{
  "model": "contenttypes.contenttype",
  "pk": 7,
  "fields": {
    "app_label": "menu",
    "model": "menuitem"
  }
},
{
  "model": "contenttypes.contenttype",
  "pk": 8,
  "fields": {
    "app_label": "orders",
    "model": "order"
  }
},
{
  "model": "contenttypes.contenttype",
  "pk": 9,
  "fields": {
    "app_label": "orders",
    "model": "orderitem"
  }
},
{
  "model": "contenttypes.contenttype",
  "pk": 10,
  "fields": {
    "app_label": "reservations",
    "model": "reservation"
  }
},
{
  "model": "contenttypes.contenttype",
  "pk": 11,
  "fields": {
    "app_label": "reviews",
    "model": "review"
  }
},
{
  "model": "sessions.session",
  "pk": "hz3gqewx7wa2n9xbfunglxg9nd861bnd",
  "fields": {
    "session_data": ".eJxVjDsOwjAQBe_iGllrB-2uKek5g7X-4QBypDipIu4OkVJA-2bmbcrLulS_9jz7MamLMur0uwWJz9x2kB7S7pOOU1vmMehd0Qft-jal_Loe7t9BlV6_tYshEAZmzDYhG7EIQIW5QDIwDK6cHVmmYjGAMSaR5MyOKUYhQKfeH83TNy0:1vUpNm:EN6UGxjDc2uLRvAQEMBbfZ_AC1W3ajkCL-9Qj1sMc5o",
    "expire_date": "2025-12-28T16:55:42.421Z"
  }
},
{
  "model": "menu.menuitem",
  "pk": 1,
  "fields": {
    "name": "Cheeseburger",
    "category": "Burger",
    "price": "5.99",
    "description": "Beef burger with cheese"
  }
},
{
  "model": "menu.menuitem",
  "pk": 2,
  "fields": {
    "name": "Chicken Meal",
    "category": "Meal",
    "price": "8.99",
    "description": "Chicken sandwich + fries + drink"
  }
},
{
  "model": "menu.menuitem",
  "pk": 3,
  "fields": {
    "name": "Cola",
    "category": "Drink",
    "price": "1.99",
    "description": "Cold soft drink"
  }
},
{
  "model": "menu.menuitem",
  "pk": 4,
  "fields": {
    "name": "Classic Burger",
    "category": "Burger",
    "price": "5.49",
    "description": ""
  }
},
{
  "model": "menu.menuitem",
  "pk": 5,
  "fields": {
    "name": "Double Cheeseburger",
    "category": "Burger",
    "price": "7.99",
    "description": ""
  }
},
{
  "model": "menu.menuitem",
  "pk": 6,
  "fields": {
    "name": "Chicken Burger",
    "category": "Burger",
    "price": "6.49",
    "description": ""
  }
},
{
  "model": "menu.menuitem",
  "pk": 7,
  "fields": {
    "name": "Veggie Burger",
    "category": "Burger",
    "price": "5.99",
    "description": ""
  }
},
{
  "model": "menu.menuitem",
  "pk": 8,
  "fields": {
    "name": "Burger Meal",
    "category": "Meal",
    "price": "9.99",
    "description": ""
  }
},
{
  "model": "menu.menuitem",
  "pk": 9,
  "fields": {
    "name": "Chicken Meal",
    "category": "Meal",
    "price": "10.49",
    "description": ""
  }
},
{
  "model": "menu.menuitem",
  "pk": 10,
  "fields": {
    "name": "Family Meal",
    "category": "Meal",
    "price": "19.99",
    "description": ""
  }
},
{
  "model": "menu.menuitem",
  "pk": 11,
  "fields": {
    "name": "Pepsi",
    "category": "Drink",
    "price": "1.99",
    "description": ""
  }
},
{
  "model": "menu.menuitem",
  "pk": 12,
  "fields": {
    "name": "Sprite",
    "category": "Drink",
    "price": "1.99",
    "description": ""
  }
},
{
  "model": "menu.menuitem",
  "pk": 13,
  "fields": {
    "name": "Orange Juice",
    "category": "Drink",
    "price": "2.49",
    "description": ""
  }
},
{
  "model": "menu.menuitem",
  "pk": 14,
  "fields": {
    "name": "Water",
    "category": "Drink",
    "price": "0.99",
    "description": ""
  }
},
{
  "model": "orders.order",
  "pk": 1,
  "fields": {
    "user": 1,
    "status": "Pending",
    "created_at": "2025-12-13T23:03:02.346Z"
  }
},
{
  "model": "orders.order",
  "pk": 2,
  "fields": {
    "user": 1,
    "status": "Pending",
    "created_at": "2025-12-13T23:05:13.018Z"
  }
},
{
  "model": "orders.order",
  "pk": 3,
  "fields": {
    "user": 1,
    "status": "Pending",
    "created_at": "2025-12-13T23:05:25.770Z"
  }
},
{
  "model": "orders.order",
  "pk": 4,
  "fields": {
    "user": 1,
    "status": "Pending",
    "created_at": "2025-12-13T23:06:19.707Z"
  }
},
{
  "model": "orders.order",
  "pk": 5,
  "fields": {
    "user": 1,
    "status": "Pending",
    "created_at": "2025-12-13T23:06:30.349Z"
  }
},
{
  "model": "orders.order",
  "pk": 6,
  "fields": {
    "user": 1,
    "status": "Pending",
    "created_at": "2025-12-13T23:44:51.194Z"
  }
},
{
  "model": "orders.order",
  "pk": 7,
  "fields": {
    "user": 1,
    "status": "Pending",
    "created_at": "2025-12-13T23:46:29.923Z"
  }
},
{
  "model": "orders.order",
  "pk": 8,
  "fields": {
    "user": 1,
    "status": "Pending",
    "created_at": "2025-12-14T07:38:18.520Z"
  }
},
{
  "model": "orders.order",
  "pk": 9,
  "fields": {
    "user": 1,
    "status": "Pending",
    "created_at": "2025-12-14T07:39:46.245Z"
  }
},
{
  "model": "orders.order",
  "pk": 10,
  "fields": {
    "user": 1,
    "status": "Successful",
    "created_at": "2025-12-14T07:41:24.088Z"
  }
},
{
  "model": "orders.order",
  "pk": 11,
  "fields": {
    "user": 2,
    "status": "Successful",
    "created_at": "2025-12-14T07:45:02.513Z"
  }
},
{
  "model": "orders.order",
  "pk": 12,
  "fields": {
    "user": 2,
    "status": "Failed",
    "created_at": "2025-12-14T07:51:51.219Z"
  }
},
{
  "model": "orders.order",
  "pk": 13,
  "fields": {
    "user": 1,
    "status": "Pending",
    "created_at": "2025-12-14T07:56:00.208Z"
  }
},
{
  "model": "orders.order",
  "pk": 14,
  "fields": {
    "user": 1,
    "status": "Cancelled",
    "created_at": "2025-12-14T14:34:58.996Z"
  }
},
{
  "model": "orders.order",
  "pk": 15,
  "fields": {
    "user": 3,
    "status": "Cart",
    "created_at": "2025-12-14T15:42:38.846Z"
  }
},
{
  "model": "orders.order",
  "pk": 16,
  "fields": {
    "user": 1,
    "status": "Cancelled",
    "created_at": "2025-12-14T16:35:34.951Z"
  }
},
{
  "model": "orders.order",
  "pk": 17,
  "fields": {
    "user": 1,
    "status": "Cart",
    "created_at": "2025-12-14T16:37:12.910Z"
  }
},
{
  "model": "orders.orderitem",
  "pk": 1,
  "fields": {
    "order": 6,
    "item": 1,
    "order_type": "sandwich",
    "drink": "Water",
    "quantity": 2
  }
},
{
  "model": "orders.orderitem",
  "pk": 2,
  "fields": {
    "order": 7,
    "item": 3,
    "order_type": null,
    "drink": "",
    "quantity": 3
  }
},
{
  "model": "orders.orderitem",
  "pk": 3,
  "fields": {
    "order": 8,
    "item": 1,
    "order_type": "sandwich",
    "drink": "Pepsi",
    "quantity": 1
  }
},
{
  "model": "orders.orderitem",
  "pk": 5,
  "fields": {
    "order": 9,
    "item": 2,
    "order_type": null,
    "drink": "",
    "quantity": 2
  }
},
{
  "model": "orders.orderitem",
  "pk": 6,
  "fields": {
    "order": 10,
    "item": 1,
    "order_type": "sandwich",
    "drink": "Coke",
    "quantity": 1
  }
},
{
  "model": "orders.orderitem",
  "pk": 7,
  "fields": {
    "order": 10,
    "item": 3,
    "order_type": "drink",
    "drink": "",
    "quantity": 1
  }
},
{
  "model": "orders.orderitem",
  "pk": 8,
  "fields": {
    "order": 11,
    "item": 1,
    "order_type": "sandwich",
    "drink": "Coke",
    "quantity": 1
  }
},
{
  "model": "orders.orderitem",
  "pk": 9,
  "fields": {
    "order": 12,
    "item": 3,
    "order_type": "drink",
    "drink": "",
    "quantity": 1
  }
},
{
  "model": "orders.orderitem",
  "pk": 10,
  "fields": {
    "order": 13,
    "item": 1,
    "order_type": "sandwich",
    "drink": "Coke",
    "quantity": 1
  }
},
{
  "model": "orders.orderitem",
  "pk": 11,
  "fields": {
    "order": 14,
    "item": 2,
    "order_type": null,
    "drink": "",
    "quantity": 2
  }
},
{
  "model": "orders.orderitem",
  "pk": 13,
  "fields": {
    "order": 16,
    "item": 1,
    "order_type": "sandwich",
    "drink": "Coke",
    "quantity": 1
  }
},
{
  "model": "reviews.review",
  "pk": 1,
  "fields": {
    "user": 1,
    "rating": 4,
    "comment": "I liked the services!",
    "created_at": "2025-12-14T15:40:39.953Z"
  }
},
{
  "model": "reviews.review",
  "pk": 2,
  "fields": {
    "user": 3,
    "rating": 5,
    "comment": "The best restaurant!!!",
    "created_at": "2025-12-14T15:43:23.732Z"
  }
},
{
  "model": "reviews.review",
  "pk": 3,
  "fields": {
    "user": 3,
    "rating": 3,
    "comment": "nice review method",
    "created_at": "2025-12-14T15:48:42.707Z"
  }
},
{
  "model": "reservations.reservation",
  "pk": 1,
  "fields": {
    "user": 1,
    "date": "2025-12-14",
    "time": "14:00:00",
    "people": 2,
    "status": "Approved",
    "created_at": "2025-12-14T08:27:24.665Z"
  }
},
{
  "model": "reservations.reservation",
  "pk": 2,
  "fields": {
    "user": 1,
    "date": "2025-12-15",
    "time": "12:30:00",
    "people": 1,
    "status": "Pending",
    "created_at": "2025-12-14T08:29:55.614Z"
  }
},
{
  "model": "reservations.reservation",
  "pk": 3,
  "fields": {
    "user": 1,
    "date": "2025-12-16",
    "time": "17:35:00",
    "people": 3,
    "status": "Cancelled",
    "created_at": "2025-12-14T14:35:48.192Z"
  }
},
{
  "model": "reservations.reservation",
  "pk": 4,
  "fields": {
    "user": 1,
    "date": "2025-12-18",
    "time": "19:40:00",
    "people": 1,
    "status": "Cancelled",
    "created_at": "2025-12-14T16:36:50.734Z"
  }
}
]
